--
-- PostgreSQL database dump
--

-- Dumped from database version 15.2 (Ubuntu 15.2-1.pgdg20.04+1)
-- Dumped by pg_dump version 15.2 (Ubuntu 15.2-1.pgdg20.04+1)

SET statement_timeout = 0;
SET lock_timeout = 0;
SET idle_in_transaction_session_timeout = 0;
SET client_encoding = 'UTF8';
SET standard_conforming_strings = on;
SELECT pg_catalog.set_config('search_path', '', false);
SET check_function_bodies = false;
SET xmloption = content;
SET client_min_messages = warning;
SET row_security = off;

SET default_tablespace = '';

SET default_table_access_method = heap;

--
-- Name: categorias; Type: TABLE; Schema: public; Owner: postgres
--

CREATE TABLE public.categorias (
    id integer NOT NULL,
    nome character varying(255) NOT NULL
);


ALTER TABLE public.categorias OWNER TO postgres;

--
-- Name: categorias_id_seq; Type: SEQUENCE; Schema: public; Owner: postgres
--

CREATE SEQUENCE public.categorias_id_seq
    AS integer
    START WITH 1
    INCREMENT BY 1
    NO MINVALUE
    NO MAXVALUE
    CACHE 1;


ALTER TABLE public.categorias_id_seq OWNER TO postgres;

--
-- Name: categorias_id_seq; Type: SEQUENCE OWNED BY; Schema: public; Owner: postgres
--

ALTER SEQUENCE public.categorias_id_seq OWNED BY public.categorias.id;


--
-- Name: clientes; Type: TABLE; Schema: public; Owner: postgres
--

CREATE TABLE public.clientes (
    id integer NOT NULL,
    nome character varying(100) NOT NULL,
    email character varying(100) NOT NULL,
    telefone character varying(20)
);


ALTER TABLE public.clientes OWNER TO postgres;

--
-- Name: clientes_id_seq; Type: SEQUENCE; Schema: public; Owner: postgres
--

CREATE SEQUENCE public.clientes_id_seq
    AS integer
    START WITH 1
    INCREMENT BY 1
    NO MINVALUE
    NO MAXVALUE
    CACHE 1;


ALTER TABLE public.clientes_id_seq OWNER TO postgres;

--
-- Name: clientes_id_seq; Type: SEQUENCE OWNED BY; Schema: public; Owner: postgres
--

ALTER SEQUENCE public.clientes_id_seq OWNED BY public.clientes.id;


--
-- Name: itens_pedido; Type: TABLE; Schema: public; Owner: postgres
--

CREATE TABLE public.itens_pedido (
    id integer NOT NULL,
    id_produto integer NOT NULL,
    id_pedido integer NOT NULL,
    quantidade integer NOT NULL,
    preco_unitario numeric(10,2) NOT NULL
);


ALTER TABLE public.itens_pedido OWNER TO postgres;

--
-- Name: itens_pedido_id_seq; Type: SEQUENCE; Schema: public; Owner: postgres
--

CREATE SEQUENCE public.itens_pedido_id_seq
    AS integer
    START WITH 1
    INCREMENT BY 1
    NO MINVALUE
    NO MAXVALUE
    CACHE 1;


ALTER TABLE public.itens_pedido_id_seq OWNER TO postgres;

--
-- Name: itens_pedido_id_seq; Type: SEQUENCE OWNED BY; Schema: public; Owner: postgres
--

ALTER SEQUENCE public.itens_pedido_id_seq OWNED BY public.itens_pedido.id;


--
-- Name: pedidos; Type: TABLE; Schema: public; Owner: postgres
--

CREATE TABLE public.pedidos (
    id integer NOT NULL,
    id_cliente integer NOT NULL,
    data_pedido date NOT NULL,
    endereco_entrega text NOT NULL
);


ALTER TABLE public.pedidos OWNER TO postgres;

--
-- Name: pedidos_id_seq; Type: SEQUENCE; Schema: public; Owner: postgres
--

CREATE SEQUENCE public.pedidos_id_seq
    AS integer
    START WITH 1
    INCREMENT BY 1
    NO MINVALUE
    NO MAXVALUE
    CACHE 1;


ALTER TABLE public.pedidos_id_seq OWNER TO postgres;

--
-- Name: pedidos_id_seq; Type: SEQUENCE OWNED BY; Schema: public; Owner: postgres
--

ALTER SEQUENCE public.pedidos_id_seq OWNED BY public.pedidos.id;


--
-- Name: produtos; Type: TABLE; Schema: public; Owner: postgres
--

CREATE TABLE public.produtos (
    id integer NOT NULL,
    nome character varying(255) NOT NULL,
    descricao text,
    preco numeric(10,2) NOT NULL,
    id_categoria integer NOT NULL
);


ALTER TABLE public.produtos OWNER TO postgres;

--
-- Name: produtos_id_seq; Type: SEQUENCE; Schema: public; Owner: postgres
--

CREATE SEQUENCE public.produtos_id_seq
    AS integer
    START WITH 1
    INCREMENT BY 1
    NO MINVALUE
    NO MAXVALUE
    CACHE 1;


ALTER TABLE public.produtos_id_seq OWNER TO postgres;

--
-- Name: produtos_id_seq; Type: SEQUENCE OWNED BY; Schema: public; Owner: postgres
--

ALTER SEQUENCE public.produtos_id_seq OWNED BY public.produtos.id;


--
-- Name: categorias id; Type: DEFAULT; Schema: public; Owner: postgres
--

ALTER TABLE ONLY public.categorias ALTER COLUMN id SET DEFAULT nextval('public.categorias_id_seq'::regclass);


--
-- Name: clientes id; Type: DEFAULT; Schema: public; Owner: postgres
--

ALTER TABLE ONLY public.clientes ALTER COLUMN id SET DEFAULT nextval('public.clientes_id_seq'::regclass);


--
-- Name: itens_pedido id; Type: DEFAULT; Schema: public; Owner: postgres
--

ALTER TABLE ONLY public.itens_pedido ALTER COLUMN id SET DEFAULT nextval('public.itens_pedido_id_seq'::regclass);


--
-- Name: pedidos id; Type: DEFAULT; Schema: public; Owner: postgres
--

ALTER TABLE ONLY public.pedidos ALTER COLUMN id SET DEFAULT nextval('public.pedidos_id_seq'::regclass);


--
-- Name: produtos id; Type: DEFAULT; Schema: public; Owner: postgres
--

ALTER TABLE ONLY public.produtos ALTER COLUMN id SET DEFAULT nextval('public.produtos_id_seq'::regclass);


--
-- Data for Name: categorias; Type: TABLE DATA; Schema: public; Owner: postgres
--

COPY public.categorias (id, nome) FROM stdin;
1	Categoria 1
2	Categoria 2
3	Categoria 3
4	Categoria 4
5	Categoria 5
6	Categoria 6
7	Categoria 7
8	Categoria 8
9	Categoria 9
10	Categoria 10
11	Categoria 11
12	Categoria 12
13	Categoria 13
14	Categoria 14
15	Categoria 15
16	Categoria 16
17	Categoria 17
18	Categoria 18
19	Categoria 19
20	Categoria 20
21	Categoria 21
22	Categoria 22
23	Categoria 23
24	Categoria 24
25	Categoria 25
26	Categoria 26
27	Categoria 27
28	Categoria 28
29	Categoria 29
30	Categoria 30
31	Categoria 31
32	Categoria 32
33	Categoria 33
34	Categoria 34
35	Categoria 35
36	Categoria 36
37	Categoria 37
38	Categoria 38
39	Categoria 39
40	Categoria 40
41	Categoria 41
42	Categoria 42
43	Categoria 43
44	Categoria 44
45	Categoria 45
46	Categoria 46
47	Categoria 47
48	Categoria 48
49	Categoria 49
50	Categoria 50
\.


--
-- Data for Name: clientes; Type: TABLE DATA; Schema: public; Owner: postgres
--

COPY public.clientes (id, nome, email, telefone) FROM stdin;
1	Cliente 1	cliente1@bridge.com	(00) 0000-0001
2	Cliente 2	cliente2@bridge.com	(00) 0000-0002
3	Cliente 3	cliente3@bridge.com	(00) 0000-0003
4	Cliente 4	cliente4@bridge.com	(00) 0000-0004
5	Cliente 5	cliente5@bridge.com	(00) 0000-0005
6	Cliente 6	cliente6@bridge.com	(00) 0000-0006
7	Cliente 7	cliente7@bridge.com	(00) 0000-0007
8	Cliente 8	cliente8@bridge.com	(00) 0000-0008
9	Cliente 9	cliente9@bridge.com	(00) 0000-0009
10	Cliente 10	cliente10@bridge.com	(00) 0000-00010
11	Cliente 11	cliente11@bridge.com	(00) 0000-00011
12	Cliente 12	cliente12@bridge.com	(00) 0000-00012
13	Cliente 13	cliente13@bridge.com	(00) 0000-00013
14	Cliente 14	cliente14@bridge.com	(00) 0000-00014
15	Cliente 15	cliente15@bridge.com	(00) 0000-00015
16	Cliente 16	cliente16@bridge.com	(00) 0000-00016
17	Cliente 17	cliente17@bridge.com	(00) 0000-00017
18	Cliente 18	cliente18@bridge.com	(00) 0000-00018
19	Cliente 19	cliente19@bridge.com	(00) 0000-00019
20	Cliente 20	cliente20@bridge.com	(00) 0000-00020
21	Cliente 21	cliente21@bridge.com	(00) 0000-00021
22	Cliente 22	cliente22@bridge.com	(00) 0000-00022
23	Cliente 23	cliente23@bridge.com	(00) 0000-00023
24	Cliente 24	cliente24@bridge.com	(00) 0000-00024
25	Cliente 25	cliente25@bridge.com	(00) 0000-00025
26	Cliente 26	cliente26@bridge.com	(00) 0000-00026
27	Cliente 27	cliente27@bridge.com	(00) 0000-00027
28	Cliente 28	cliente28@bridge.com	(00) 0000-00028
29	Cliente 29	cliente29@bridge.com	(00) 0000-00029
30	Cliente 30	cliente30@bridge.com	(00) 0000-00030
31	Cliente 31	cliente31@bridge.com	(00) 0000-00031
32	Cliente 32	cliente32@bridge.com	(00) 0000-00032
33	Cliente 33	cliente33@bridge.com	(00) 0000-00033
34	Cliente 34	cliente34@bridge.com	(00) 0000-00034
35	Cliente 35	cliente35@bridge.com	(00) 0000-00035
36	Cliente 36	cliente36@bridge.com	(00) 0000-00036
37	Cliente 37	cliente37@bridge.com	(00) 0000-00037
38	Cliente 38	cliente38@bridge.com	(00) 0000-00038
39	Cliente 39	cliente39@bridge.com	(00) 0000-00039
40	Cliente 40	cliente40@bridge.com	(00) 0000-00040
41	Cliente 41	cliente41@bridge.com	(00) 0000-00041
42	Cliente 42	cliente42@bridge.com	(00) 0000-00042
43	Cliente 43	cliente43@bridge.com	(00) 0000-00043
44	Cliente 44	cliente44@bridge.com	(00) 0000-00044
45	Cliente 45	cliente45@bridge.com	(00) 0000-00045
46	Cliente 46	cliente46@bridge.com	(00) 0000-00046
47	Cliente 47	cliente47@bridge.com	(00) 0000-00047
48	Cliente 48	cliente48@bridge.com	(00) 0000-00048
49	Cliente 49	cliente49@bridge.com	(00) 0000-00049
50	Cliente 50	cliente50@bridge.com	(00) 0000-00050
\.


--
-- Data for Name: itens_pedido; Type: TABLE DATA; Schema: public; Owner: postgres
--

COPY public.itens_pedido (id, id_produto, id_pedido, quantidade, preco_unitario) FROM stdin;
1	2	2	1	10.00
2	3	3	2	20.00
3	4	4	3	30.00
4	5	5	4	40.00
5	6	6	5	50.00
6	7	7	6	60.00
7	8	8	7	70.00
8	9	9	8	80.00
9	10	10	9	90.00
10	11	11	10	100.00
11	12	12	11	110.00
12	13	13	12	120.00
13	14	14	13	130.00
14	15	15	14	140.00
15	16	16	15	150.00
16	17	17	16	160.00
17	18	18	17	170.00
18	19	19	18	180.00
19	20	20	19	190.00
20	21	21	20	200.00
21	22	22	21	210.00
22	23	23	22	220.00
23	24	24	23	230.00
24	25	25	24	240.00
25	26	26	25	250.00
26	27	27	26	260.00
27	28	28	27	270.00
28	29	29	28	280.00
29	30	30	29	290.00
30	31	31	30	300.00
31	32	32	31	310.00
32	33	33	32	320.00
33	34	34	33	330.00
34	35	35	34	340.00
35	36	36	35	350.00
36	37	37	36	360.00
37	38	38	37	370.00
38	39	39	38	380.00
39	40	40	39	390.00
40	41	41	40	400.00
41	42	42	41	410.00
42	43	43	42	420.00
43	44	44	43	430.00
44	45	45	44	440.00
45	46	46	45	450.00
46	47	47	46	460.00
47	48	48	47	470.00
48	49	49	48	480.00
49	50	50	49	490.00
50	1	1	50	500.00
\.


--
-- Data for Name: pedidos; Type: TABLE DATA; Schema: public; Owner: postgres
--

COPY public.pedidos (id, id_cliente, data_pedido, endereco_entrega) FROM stdin;
1	2	2023-03-28	Endereço de entrega 1
2	3	2023-03-28	Endereço de entrega 2
3	4	2023-03-28	Endereço de entrega 3
4	5	2023-03-28	Endereço de entrega 4
5	6	2023-03-28	Endereço de entrega 5
6	7	2023-03-28	Endereço de entrega 6
7	8	2023-03-28	Endereço de entrega 7
8	9	2023-03-28	Endereço de entrega 8
9	10	2023-03-28	Endereço de entrega 9
10	11	2023-03-28	Endereço de entrega 10
11	12	2023-03-28	Endereço de entrega 11
12	13	2023-03-28	Endereço de entrega 12
13	14	2023-03-28	Endereço de entrega 13
14	15	2023-03-28	Endereço de entrega 14
15	16	2023-03-28	Endereço de entrega 15
16	17	2023-03-28	Endereço de entrega 16
17	18	2023-03-28	Endereço de entrega 17
18	19	2023-03-28	Endereço de entrega 18
19	20	2023-03-28	Endereço de entrega 19
20	21	2023-03-28	Endereço de entrega 20
21	22	2023-03-28	Endereço de entrega 21
22	23	2023-03-28	Endereço de entrega 22
23	24	2023-03-28	Endereço de entrega 23
24	25	2023-03-28	Endereço de entrega 24
25	26	2023-03-28	Endereço de entrega 25
26	27	2023-03-28	Endereço de entrega 26
27	28	2023-03-28	Endereço de entrega 27
28	29	2023-03-28	Endereço de entrega 28
29	30	2023-03-28	Endereço de entrega 29
30	31	2023-03-28	Endereço de entrega 30
31	32	2023-03-28	Endereço de entrega 31
32	33	2023-03-28	Endereço de entrega 32
33	34	2023-03-28	Endereço de entrega 33
34	35	2023-03-28	Endereço de entrega 34
35	36	2023-03-28	Endereço de entrega 35
36	37	2023-03-28	Endereço de entrega 36
37	38	2023-03-28	Endereço de entrega 37
38	39	2023-03-28	Endereço de entrega 38
39	40	2023-03-28	Endereço de entrega 39
40	41	2023-03-28	Endereço de entrega 40
41	42	2023-03-28	Endereço de entrega 41
42	43	2023-03-28	Endereço de entrega 42
43	44	2023-03-28	Endereço de entrega 43
44	45	2023-03-28	Endereço de entrega 44
45	46	2023-03-28	Endereço de entrega 45
46	47	2023-03-28	Endereço de entrega 46
47	48	2023-03-28	Endereço de entrega 47
48	49	2023-03-28	Endereço de entrega 48
49	50	2023-03-28	Endereço de entrega 49
50	1	2023-03-28	Endereço de entrega 50
\.


--
-- Data for Name: produtos; Type: TABLE DATA; Schema: public; Owner: postgres
--

COPY public.produtos (id, nome, descricao, preco, id_categoria) FROM stdin;
1	Produto 1	Descrição do produto 1	10.00	2
2	Produto 2	Descrição do produto 2	20.00	3
3	Produto 3	Descrição do produto 3	30.00	4
4	Produto 4	Descrição do produto 4	40.00	5
5	Produto 5	Descrição do produto 5	50.00	6
6	Produto 6	Descrição do produto 6	60.00	7
7	Produto 7	Descrição do produto 7	70.00	8
8	Produto 8	Descrição do produto 8	80.00	9
9	Produto 9	Descrição do produto 9	90.00	10
10	Produto 10	Descrição do produto 10	100.00	11
11	Produto 11	Descrição do produto 11	110.00	12
12	Produto 12	Descrição do produto 12	120.00	13
13	Produto 13	Descrição do produto 13	130.00	14
14	Produto 14	Descrição do produto 14	140.00	15
15	Produto 15	Descrição do produto 15	150.00	16
16	Produto 16	Descrição do produto 16	160.00	17
17	Produto 17	Descrição do produto 17	170.00	18
18	Produto 18	Descrição do produto 18	180.00	19
19	Produto 19	Descrição do produto 19	190.00	20
20	Produto 20	Descrição do produto 20	200.00	21
21	Produto 21	Descrição do produto 21	210.00	22
22	Produto 22	Descrição do produto 22	220.00	23
23	Produto 23	Descrição do produto 23	230.00	24
24	Produto 24	Descrição do produto 24	240.00	25
25	Produto 25	Descrição do produto 25	250.00	26
26	Produto 26	Descrição do produto 26	260.00	27
27	Produto 27	Descrição do produto 27	270.00	28
28	Produto 28	Descrição do produto 28	280.00	29
29	Produto 29	Descrição do produto 29	290.00	30
30	Produto 30	Descrição do produto 30	300.00	31
31	Produto 31	Descrição do produto 31	310.00	32
32	Produto 32	Descrição do produto 32	320.00	33
33	Produto 33	Descrição do produto 33	330.00	34
34	Produto 34	Descrição do produto 34	340.00	35
35	Produto 35	Descrição do produto 35	350.00	36
36	Produto 36	Descrição do produto 36	360.00	37
37	Produto 37	Descrição do produto 37	370.00	38
38	Produto 38	Descrição do produto 38	380.00	39
39	Produto 39	Descrição do produto 39	390.00	40
40	Produto 40	Descrição do produto 40	400.00	41
41	Produto 41	Descrição do produto 41	410.00	42
42	Produto 42	Descrição do produto 42	420.00	43
43	Produto 43	Descrição do produto 43	430.00	44
44	Produto 44	Descrição do produto 44	440.00	45
45	Produto 45	Descrição do produto 45	450.00	46
46	Produto 46	Descrição do produto 46	460.00	47
47	Produto 47	Descrição do produto 47	470.00	48
48	Produto 48	Descrição do produto 48	480.00	49
49	Produto 49	Descrição do produto 49	490.00	50
50	Produto 50	Descrição do produto 50	500.00	1
\.


--
-- Name: categorias_id_seq; Type: SEQUENCE SET; Schema: public; Owner: postgres
--

SELECT pg_catalog.setval('public.categorias_id_seq', 50, true);


--
-- Name: clientes_id_seq; Type: SEQUENCE SET; Schema: public; Owner: postgres
--

SELECT pg_catalog.setval('public.clientes_id_seq', 50, true);


--
-- Name: itens_pedido_id_seq; Type: SEQUENCE SET; Schema: public; Owner: postgres
--

SELECT pg_catalog.setval('public.itens_pedido_id_seq', 50, true);


--
-- Name: pedidos_id_seq; Type: SEQUENCE SET; Schema: public; Owner: postgres
--

SELECT pg_catalog.setval('public.pedidos_id_seq', 50, true);


--
-- Name: produtos_id_seq; Type: SEQUENCE SET; Schema: public; Owner: postgres
--

SELECT pg_catalog.setval('public.produtos_id_seq', 50, true);


--
-- Name: categorias categorias_pkey; Type: CONSTRAINT; Schema: public; Owner: postgres
--

ALTER TABLE ONLY public.categorias
    ADD CONSTRAINT categorias_pkey PRIMARY KEY (id);


--
-- Name: clientes clientes_email_key; Type: CONSTRAINT; Schema: public; Owner: postgres
--

ALTER TABLE ONLY public.clientes
    ADD CONSTRAINT clientes_email_key UNIQUE (email);


--
-- Name: clientes clientes_pkey; Type: CONSTRAINT; Schema: public; Owner: postgres
--

ALTER TABLE ONLY public.clientes
    ADD CONSTRAINT clientes_pkey PRIMARY KEY (id);


--
-- Name: itens_pedido itens_pedido_pkey; Type: CONSTRAINT; Schema: public; Owner: postgres
--

ALTER TABLE ONLY public.itens_pedido
    ADD CONSTRAINT itens_pedido_pkey PRIMARY KEY (id);


--
-- Name: pedidos pedidos_pkey; Type: CONSTRAINT; Schema: public; Owner: postgres
--

ALTER TABLE ONLY public.pedidos
    ADD CONSTRAINT pedidos_pkey PRIMARY KEY (id);


--
-- Name: produtos produtos_pkey; Type: CONSTRAINT; Schema: public; Owner: postgres
--

ALTER TABLE ONLY public.produtos
    ADD CONSTRAINT produtos_pkey PRIMARY KEY (id);


--
-- Name: itens_pedido itens_pedido_id_pedido_fkey; Type: FK CONSTRAINT; Schema: public; Owner: postgres
--

ALTER TABLE ONLY public.itens_pedido
    ADD CONSTRAINT itens_pedido_id_pedido_fkey FOREIGN KEY (id_pedido) REFERENCES public.pedidos(id);


--
-- Name: itens_pedido itens_pedido_id_produto_fkey; Type: FK CONSTRAINT; Schema: public; Owner: postgres
--

ALTER TABLE ONLY public.itens_pedido
    ADD CONSTRAINT itens_pedido_id_produto_fkey FOREIGN KEY (id_produto) REFERENCES public.produtos(id);


--
-- Name: pedidos pedidos_id_cliente_fkey; Type: FK CONSTRAINT; Schema: public; Owner: postgres
--

ALTER TABLE ONLY public.pedidos
    ADD CONSTRAINT pedidos_id_cliente_fkey FOREIGN KEY (id_cliente) REFERENCES public.clientes(id);


--
-- Name: produtos produtos_id_categoria_fkey; Type: FK CONSTRAINT; Schema: public; Owner: postgres
--

ALTER TABLE ONLY public.produtos
    ADD CONSTRAINT produtos_id_categoria_fkey FOREIGN KEY (id_categoria) REFERENCES public.categorias(id);


--
-- PostgreSQL database dump complete
--

